Workbook

Sheet Hướng dẫn
A1: Duyệt nội dung: Lời của Lá + giao diện Tím đêm dịu
A2: Nguồn: collab/integration @ b474caf (PR #12 a28f817 + PR #13 6cd7113, Codex APPROVE 16/10/2026). Tạo ngày 16/10/2026.
A4: Cách duyệt
A5: 1. Mỗi sheet một nhóm nội dung. Chỉ điền vào các ô nền kem: Quyết định, Câu đề xuất, Ghi chú.
A6: 2. Quyết định: chọn Duyệt (giữ nguyên câu), Sửa (ghi câu mới vào cột đề xuất) hoặc Bỏ (không dùng câu này).
A7: 3. Số từ tự đếm; ô tô đỏ khi vượt giới hạn. Câu Thẳng ≤ 14 từ, Cà khịa ≤ 16 từ, lời chào/chờ/mood ≤ 18 từ, tối thiểu 3 từ.
A8: 4. Trạng thái: Mới (xanh lá) = chưa từng chạy; Sửa (cam) = đổi so với bản đang chạy; Giữ nguyên = chỉ cần xác nhận.
A9: 5. Gửi lại file này; Claude sẽ áp các câu Sửa vào content matrix, chạy lại gate và audit rồi mới đưa lên.
A10: Quy tắc câu của Lá (chuẩn nội dung)
A11: • Nhắc đúng việc nhỏ của thẻ; không lặp lại tiêu đề hay việc nhỏ nguyên văn.
A12: • Không thuật ngữ chiêm tinh, không dự đoán, không nói thay suy nghĩ người khác, không chắc chắn tuyệt đối.
A13: • Cà khịa: trêu tình huống, không trêu người; luôn có lối ra; tối đa một câu trêu.
... A16: Ví dụ một dòng đã điền
A17: Câu của Lá | B17: Quyết định | C17: Câu đề xuất | D17: Ghi chú
A18: Bớt lựa chọn đi một chút, chọn sẽ nhẹ hơn. | B18: Sửa | C18: Gạch bớt vài lựa chọn, chọn sẽ nhẹ đầu hơn. | D18: Muốn có động từ rõ hơn
A20: Tổng hợp (tự cập nhật)
A21: Sheet | B21: Tổng số câu | C21: Duyệt | D21: Sửa | E21: Bỏ | F21: Chưa duyệt
A22: Lá theo thẻ | B22: =COUNTA('Lá theo thẻ'!$A$5:$A$36) | C22: =COUNTIF('Lá theo thẻ'!$J$5:$J$36,"Duyệt") | D22: =COUNTIF('Lá theo thẻ'!$J$5:$J$36,"Sửa") | E22: =COUNTIF('Lá theo thẻ'!$J$5:$J$36,"Bỏ") | F22: =B22-C22-D22-E22
A23: Chào, chờ, mood | B23: =COUNTA('Chào, chờ, mood'!$A$5:$A$31) | C23: =COUNTIF('Chào, chờ, mood'!$J$5:$J$31,"Duyệt") | D23: =COUNTIF('Chào, chờ, mood'!$J$5:$J$31,"Sửa") | E23: =COUNTIF('Chào, chờ, mood'!$J$5:$J$31,"Bỏ") | F23: =B23-C23-D23-E23
A24: Chữ mới trên UI | B24: =COUNTA('Chữ mới trên UI'!$A$5:$A$21) | C24: =COUNTIF('Chữ mới trên UI'!$H$5:$H$21,"Duyệt") | D24: =COUNTIF('Chữ mới trên UI'!$H$5:$H$21,"Sửa") | E24: =COUNTIF('Chữ mới trên UI'!$H$5:$H$21,"Bỏ") | F24: =B24-C24-D24-E24
A25: Tổng | B25: =SUM(B22:B24) | C25: =SUM(C22:C24) | D25: =SUM(D22:D24) | E25: =SUM(E22:E24) | F25: =SUM(F22:F24)

Sheet Lá theo thẻ
A1: Lời của Lá bên cạnh thẻ hôm nay
A2: Hiện trong bong bóng của Lá trên Home. Giọng Thẳng cho người chọn 'Thẳng', Cà khịa cho người chọn 'Cà khịa'. Cột 'Ý cần truyền' là brief Luna nhận để viết lại câu Thẳng khi bật AI (Cà khịa luôn dùng câu viết sẵn). Câu cần nhắc đúng việc nhỏ của thẻ, không đoán ý người khác, không phán số phận.
A4: Mã | B4: Vấn đề | C4: Thẻ hôm nay nói gì (ví dụ) | D4: Ý cần truyền (gửi cho Luna) | E4: Giọng | F4: Câu của Lá | G4: Số từ | H4: Tối đa | I4: Trạng thái | J4: Quyết định | K4: Câu đề xuất (nếu Sửa) | L4: Số từ đề xuất | M4: Ghi chú
A5: L01a | B5: Chưa rõ ý, dễ tự đoán | C5: Thẻ: "Bạn đọc lại tin nhắn vì chưa hiểu ý." Việc nhỏ: "Hỏi lại phần chưa rõ: Bạn muốn nói gì ở chỗ này?" | D5: Hỏi lại phần chưa rõ thay vì tự đoán ý tin nhắn. | E5: Thẳng | F5: Hỏi lại một câu thôi, đỡ hơn đoán cả buổi. | G5: =IF(LEN(TRIM(F5))=0,"",LEN(TRIM(F5))-LEN(SUBSTITUTE(TRIM(F5)," ",""))+1) | H5: 14 | I5: Mới | L5: =IF(LEN(TRIM(K5))=0,"",LEN(TRIM(K5))-LEN(SUBSTITUTE(TRIM(K5)," ",""))+1)
A6: L01b | B6: Chưa rõ ý, dễ tự đoán | C6: Thẻ: "Bạn đọc lại tin nhắn vì chưa hiểu ý." Việc nhỏ: "Hỏi lại phần chưa rõ: Bạn muốn nói gì ở chỗ này?" | D6: Hỏi lại phần chưa rõ thay vì tự đoán ý tin nhắn. | E6: Cà khịa | F6: Thám tử tin nhắn ơi, hỏi thẳng một câu cho nhanh án. | G6: =IF(LEN(TRIM(F6))=0,"",LEN(TRIM(F6))-LEN(SUBSTITUTE(TRIM(F6)," ",""))+1) | H6: 16 | I6: Mới | L6: =IF(LEN(TRIM(K6))=0,"",LEN(TRIM(K6))-LEN(SUBSTITUTE(TRIM(K6)," ",""))+1)
A7: L02a | B7: Mở nhiều việc, chưa xong việc nào | C7: Thẻ: "Bạn bắt đầu nhiều việc, chưa xong việc nào." Việc nhỏ: "Chọn một việc để làm trong 20 phút, chưa chuyển sang việc khác." | D7: Khuyến khích làm xong một việc trước khi mở việc mới. | E7: Thẳng | F7: Xong một việc trước đã, việc kia vẫn chờ được. | G7: =IF(LEN(TRIM(F7))=0,"",LEN(TRIM(F7))-LEN(SUBSTITUTE(TRIM(F7)," ",""))+1) | H7: 14 | I7: Mới | L7: =IF(LEN(TRIM(K7))=0,"",LEN(TRIM(K7))-LEN(SUBSTITUTE(TRIM(K7)," ",""))+1)
A8: L02b | B8: Mở nhiều việc, chưa xong việc nào | C8: Thẻ: "Bạn bắt đầu nhiều việc, chưa xong việc nào." Việc nhỏ: "Chọn một việc để làm trong 20 phút, chưa chuyển sang việc khác." | D8: Khuyến khích làm xong một việc trước khi mở việc mới. | E8: Cà khịa | F8: Đóng bớt tab trong đầu đi, một việc thôi là đủ. | G8: =IF(LEN(TRIM(F8))=0,"",LEN(TRIM(F8))-LEN(SUBSTITUTE(TRIM(F8)," ",""))+1) | H8: 16 | I8: Mới | L8: =IF(LEN(TRIM(K8))=0,"",LEN(TRIM(K8))-LEN(SUBSTITUTE(TRIM(K8)," ",""))+1)
A9: L03a | B9: Lịch hẹn bị đổi | C9: Thẻ: "Một cuộc hẹn đổi giờ làm bạn phải sắp lại." Việc nhỏ: "Xác nhận giờ hẹn mới trước khi đổi những việc khác." | D9: Nhắc chốt lại giờ hẹn mới trước khi xếp lại cả ngày. | E9: Thẳng | F9: Chốt giờ mới trước, rồi hẵng xếp lại cả ngày. | G9: =IF(LEN(TRIM(F9))=0,"",LEN(TRIM(F9))-LEN(SUBSTITUTE(TRIM(F9)," ",""))+1) | H9: 14 | I9: Mới | L9: =IF(LEN(TRIM(K9))=0,"",LEN(TRIM(K9))-LEN(SUBSTITUTE(TRIM(K9)," ",""))+1)
A10: L03b | B10: Lịch hẹn bị đổi | C10: Thẻ: "Một cuộc hẹn đổi giờ làm bạn phải sắp lại." Việc nhỏ: "Xác nhận giờ hẹn mới trước khi đổi những việc khác." | D10: Nhắc chốt lại giờ hẹn mới trước khi xếp lại cả ngày. | E10: Cà khịa | F10: Lịch đổi một chỗ thôi, đừng vội xây lại cả ngày. | G10: =IF(LEN(TRIM(F10))=0,"",LEN(TRIM(F10))-LEN(SUBSTITUTE(TRIM(F10)," ",""))+1) | H10: 16 | I10: Mới | L10: =IF(LEN(TRIM(K10))=0,"",LEN(TRIM(K10))-LEN(SUBSTITUTE(TRIM(K10)," ",""))+1)
A11: L04a | B11: So mình với người khác | C11: Thẻ: "Thấy người khác làm tốt, bạn chê việc mình." Việc nhỏ: "Ghi một việc mình đã làm xong trước khi xem tiếp." | D11: Kéo chú ý về tiến triển của chính mình. | E11: Thẳng | F11: Nhìn lại việc bạn đã xong hôm nay trước nhé. | G11: =IF(LEN(TRIM(F11))=0,"",LEN(TRIM(F11))-LEN(SUBSTITUTE(TRIM(F11)," ",""))+1) | H11: 14 | I11: Mới | L11: =IF(LEN(TRIM(K11))=0,"",LEN(TRIM(K11))-LEN(SUBSTITUTE(TRIM(K11)," ",""))+1)
A12: L04b | B12: So mình với người khác | C12: Thẻ: "Thấy người khác làm tốt, bạn chê việc mình." Việc nhỏ: "Ghi một việc mình đã làm xong trước khi xem tiếp." | D12: Kéo chú ý về tiến triển của chính mình. | E12: Cà khịa | F12: Lướt thành tích người ta đủ rồi, xem của mình chút đi. | G12: =IF(LEN(TRIM(F12))=0,"",LEN(TRIM(F12))-LEN(SUBSTITUTE(TRIM(F12)," ",""))+1) | H12: 16 | I12: Mới | L12: =IF(LEN(TRIM(K12))=0,"",LEN(TRIM(K12))-LEN(SUBSTITUTE(TRIM(K12)," ",""))+1)
A13: L05a | B13: Nhận giúp theo phản xạ | C13: Thẻ: "Bạn nhận lời giúp trước khi xem mình còn sức." Việc nhỏ: "Nói rõ bạn giúp được phần nào và trong bao lâu." | D13: Xem sức mình trước khi nhận giúp người khác. | E13: Thẳng | F13: Giúp được bao nhiêu thì nói bấy nhiêu, vậy là đủ. | G13: =IF(LEN(TRIM(F13))=0,"",LEN(TRIM(F13))-LEN(SUBSTITUTE(TRIM(F13)," ",""))+1) | H13: 14 | I13: Mới | L13: =IF(LEN(TRIM(K13))=0,"",LEN(TRIM(K13))-LEN(SUBSTITUTE(TRIM(K13)," ",""))+1)
A14: L05b | B14: Nhận giúp theo phản xạ | C14: Thẻ: "Bạn nhận lời giúp trước khi xem mình còn sức." Việc nhỏ: "Nói rõ bạn giúp được phần nào và trong bao lâu." | D14: Xem sức mình trước khi nhận giúp người khác. | E14: Cà khịa | F14: Siêu anh hùng cũng cần sạc pin. Nhận vừa sức thôi. | G14: =IF(LEN(TRIM(F14))=0,"",LEN(TRIM(F14))-LEN(SUBSTITUTE(TRIM(F14)," ",""))+1) | H14: 16 | I14: Mới | L14: =IF(LEN(TRIM(K14))=0,"",LEN(TRIM(K14))-LEN(SUBSTITUTE(TRIM(K14)," ",""))+1)
A15: L06a | B15: Mệt vì phải chọn | C15: Thẻ: "Bạn chọn mãi vẫn chưa biết chọn cái nào." Việc nhỏ: "Giảm còn hai lựa chọn phù hợp nhất rồi so một điểm quan trọng." | D15: Thu hẹp lựa chọn khi đang mệt. | E15: Thẳng | F15: Bớt lựa chọn đi một chút, chọn sẽ nhẹ hơn. | G15: =IF(LEN(TRIM(F15))=0,"",LEN(TRIM(F15))-LEN(SUBSTITUTE(TRIM(F15)," ",""))+1) | H15: 14 | I15: Mới | L15: =IF(LEN(TRIM(K15))=0,"",LEN(TRIM(K15))-LEN(SUBSTITUTE(TRIM(K15)," ",""))+1)
A16: L06b | B16: Mệt vì phải chọn | C16: Thẻ: "Bạn chọn mãi vẫn chưa biết chọn cái nào." Việc nhỏ: "Giảm còn hai lựa chọn phù hợp nhất rồi so một điểm quan trọng." | D16: Thu hẹp lựa chọn khi đang mệt. | E16: Cà khịa | F16: Mười phương án thì chọn tới mai. Gạch bớt đi nào. | G16: =IF(LEN(TRIM(F16))=0,"",LEN(TRIM(F16))-LEN(SUBSTITUTE(TRIM(F16)," ",""))+1) | H16: 16 | I16: Mới | L16: =IF(LEN(TRIM(K16))=0,"",LEN(TRIM(K16))-LEN(SUBSTITUTE(TRIM(K16)," ",""))+1)
... A36: L16b | B36: Dự phòng (thẻ cũ / không khớp vấn đề) | C36: Thẻ không thuộc 15 vấn đề trên | D36: Thử việc nhỏ trong note thay vì chỉ đọc xong rồi thôi. | E36: Cà khịa | F36: Đọc xong nhớ thử. Đừng chỉ gật đầu cho đẹp. | G36: =IF(LEN(TRIM(F36))=0,"",LEN(TRIM(F36))-LEN(SUBSTITUTE(TRIM(F36)," ",""))+1) | H36: 16 | I36: Mới | L36: =IF(LEN(TRIM(K36))=0,"",LEN(TRIM(K36))-LEN(SUBSTITUTE(TRIM(K36)," ",""))+1)

Sheet Chào, chờ, mood
A1: Lời chào, dòng chờ và phản hồi mood
A2: Đã có từ trước, nay chuyển vào content matrix. Ba câu Cà khịa được viết lại vì vi phạm chuẩn nội dung (“xem số phận”, “Lá biết hết á”, “Vũ trụ đang gõ”) — tô cam. Các câu ‘Giữ nguyên’ chỉ cần xác nhận.
A4: Mã | B4: Nhóm | C4: Khi nào hiện | D4: Giọng | E4: Câu hiện tại | F4: Số từ | G4: Tối đa | H4: Trạng thái | I4: Câu cũ (nếu Sửa) | J4: Quyết định | K4: Câu đề xuất (nếu Sửa) | L4: Số từ đề xuất | M4: Ghi chú
A5: C-morning-a | B5: Lời chào | C5: Sáng (5–11h) | D5: Thẳng | E5: Chào buổi sáng. Lá để sẵn note hôm nay cho bạn rồi. | F5: =IF(LEN(TRIM(E5))=0,"",LEN(TRIM(E5))-LEN(SUBSTITUTE(TRIM(E5)," ",""))+1) | G5: 18 | H5: Giữ nguyên | L5: =IF(LEN(TRIM(K5))=0,"",LEN(TRIM(K5))-LEN(SUBSTITUTE(TRIM(K5)," ",""))+1)
A6: C-morning-b | B6: Lời chào | C6: Sáng (5–11h) | D6: Cà khịa | E6: Dậy rồi đó hả? Note hôm nay Lá để sẵn, đọc trước khi lướt TikTok nha. | F6: =IF(LEN(TRIM(E6))=0,"",LEN(TRIM(E6))-LEN(SUBSTITUTE(TRIM(E6)," ",""))+1) | G6: 18 | H6: Giữ nguyên | L6: =IF(LEN(TRIM(K6))=0,"",LEN(TRIM(K6))-LEN(SUBSTITUTE(TRIM(K6)," ",""))+1)
A7: C-noon-a | B7: Lời chào | C7: Trưa (11–14h) | D7: Thẳng | E7: Giữa ngày rồi. Ghé Lá một chút nhé. | F7: =IF(LEN(TRIM(E7))=0,"",LEN(TRIM(E7))-LEN(SUBSTITUTE(TRIM(E7)," ",""))+1) | G7: 18 | H7: Giữ nguyên | L7: =IF(LEN(TRIM(K7))=0,"",LEN(TRIM(K7))-LEN(SUBSTITUTE(TRIM(K7)," ",""))+1)
A8: C-noon-b | B8: Lời chào | C8: Trưa (11–14h) | D8: Cà khịa | E8: Giữa trưa rồi, ăn gì chưa? Ăn xong ghé đọc note nha. | F8: =IF(LEN(TRIM(E8))=0,"",LEN(TRIM(E8))-LEN(SUBSTITUTE(TRIM(E8)," ",""))+1) | G8: 18 | H8: Sửa | I8: Giữa trưa rồi, ăn chưa mà đã mở app xem số phận? Đùa thôi, xem note đi. | L8: =IF(LEN(TRIM(K8))=0,"",LEN(TRIM(K8))-LEN(SUBSTITUTE(TRIM(K8)," ",""))+1)
A9: C-afternoon-a | B9: Lời chào | C9: Chiều (14–18h) | D9: Thẳng | E9: Chiều rồi. Xem nhanh điều đáng để ý hôm nay? | F9: =IF(LEN(TRIM(E9))=0,"",LEN(TRIM(E9))-LEN(SUBSTITUTE(TRIM(E9)," ",""))+1) | G9: 18 | H9: Giữ nguyên | L9: =IF(LEN(TRIM(K9))=0,"",LEN(TRIM(K9))-LEN(SUBSTITUTE(TRIM(K9)," ",""))+1)
A10: C-afternoon-b | B10: Lời chào | C10: Chiều (14–18h) | D10: Cà khịa | E10: Chiều rồi mà việc sáng còn dang dở hả? Đọc note rồi làm tiếp. | F10: =IF(LEN(TRIM(E10))=0,"",LEN(TRIM(E10))-LEN(SUBSTITUTE(TRIM(E10)," ",""))+1) | G10: 18 | H10: Sửa | I10: Chiều rồi mà vẫn chưa xong việc buổi sáng hả? Lá biết hết á. | L10: =IF(LEN(TRIM(K10))=0,"",LEN(TRIM(K10))-LEN(SUBSTITUTE(TRIM(K10)," ",""))+1)
A11: C-evening-a | B11: Lời chào | C11: Tối (18–22h) | D11: Thẳng | E11: Tối rồi. Ngồi xuống với Lá một nhịp. | F11: =IF(LEN(TRIM(E11))=0,"",LEN(TRIM(E11))-LEN(SUBSTITUTE(TRIM(E11)," ",""))+1) | G11: 18 | H11: Giữ nguyên | L11: =IF(LEN(TRIM(K11))=0,"",LEN(TRIM(K11))-LEN(SUBSTITUTE(TRIM(K11)," ",""))+1)
A12: C-evening-b | B12: Lời chào | C12: Tối (18–22h) | D12: Cà khịa | E12: Tối rồi. Ngồi xuống, kể Lá nghe hôm nay ai làm bạn cạn pin. | F12: =IF(LEN(TRIM(E12))=0,"",LEN(TRIM(E12))-LEN(SUBSTITUTE(TRIM(E12)," ",""))+1) | G12: 18 | H12: Giữ nguyên | L12: =IF(LEN(TRIM(K12))=0,"",LEN(TRIM(K12))-LEN(SUBSTITUTE(TRIM(K12)," ",""))+1)
A13: C-late-a | B13: Lời chào | C13: Khuya (22–5h) | D13: Thẳng | E13: Khuya rồi đó. Đọc nhẹ thôi rồi đi ngủ nhé. | F13: =IF(LEN(TRIM(E13))=0,"",LEN(TRIM(E13))-LEN(SUBSTITUTE(TRIM(E13)," ",""))+1) | G13: 18 | H13: Giữ nguyên | L13: =IF(LEN(TRIM(K13))=0,"",LEN(TRIM(K13))-LEN(SUBSTITUTE(TRIM(K13)," ",""))+1)
A14: C-late-b | B14: Lời chào | C14: Khuya (22–5h) | D14: Cà khịa | E14: Khuya vậy còn thức? Đọc nhanh rồi cất điện thoại, mai còn làm người. | F14: =IF(LEN(TRIM(E14))=0,"",LEN(TRIM(E14))-LEN(SUBSTITUTE(TRIM(E14)," ",""))+1) | G14: 18 | H14: Giữ nguyên | L14: =IF(LEN(TRIM(K14))=0,"",LEN(TRIM(K14))-LEN(SUBSTITUTE(TRIM(K14)," ",""))+1)
A15: T-1-a | B15: Đang tải | C15: Dòng chờ #1 (xoay vòng khi tải) | D15: Thẳng | E15: Lá đang dò sóng… | F15: =IF(LEN(TRIM(E15))=0,"",LEN(TRIM(E15))-LEN(SUBSTITUTE(TRIM(E15)," ",""))+1) | G15: 18 | H15: Giữ nguyên | L15: =IF(LEN(TRIM(K15))=0,"",LEN(TRIM(K15))-LEN(SUBSTITUTE(TRIM(K15)," ",""))+1)
A16: T-1-b | B16: Đang tải | C16: Dòng chờ #1 (xoay vòng khi tải) | D16: Cà khịa | E16: Đợi xíu, Lá đang soi bạn… | F16: =IF(LEN(TRIM(E16))=0,"",LEN(TRIM(E16))-LEN(SUBSTITUTE(TRIM(E16)," ",""))+1) | G16: 18 | H16: Giữ nguyên | L16: =IF(LEN(TRIM(K16))=0,"",LEN(TRIM(K16))-LEN(SUBSTITUTE(TRIM(K16)," ",""))+1)
A17: T-2-a | B17: Đang tải | C17: Dòng chờ #2 (xoay vòng khi tải) | D17: Thẳng | E17: Lá đang lật trang lá số… | F17: =IF(LEN(TRIM(E17))=0,"",LEN(TRIM(E17))-LEN(SUBSTITUTE(TRIM(E17)," ",""))+1) | G17: 18 | H17: Giữ nguyên | L17: =IF(LEN(TRIM(K17))=0,"",LEN(TRIM(K17))-LEN(SUBSTITUTE(TRIM(K17)," ",""))+1)
A18: T-2-b | B18: Đang tải | C18: Dòng chờ #2 (xoay vòng khi tải) | D18: Cà khịa | E18: Lá đang gõ… đừng giục nha. | F18: =IF(LEN(TRIM(E18))=0,"",LEN(TRIM(E18))-LEN(SUBSTITUTE(TRIM(E18)," ",""))+1) | G18: 18 | H18: Sửa | I18: Vũ trụ đang gõ… đừng giục. | L18: =IF(LEN(TRIM(K18))=0,"",LEN(TRIM(K18))-LEN(SUBSTITUTE(TRIM(K18)," ",""))+1)
A19: T-3-a | B19: Đang tải | C19: Dòng chờ #3 (xoay vòng khi tải) | D19: Thẳng | E19: Lá đang gom ánh sao… | F19: =IF(LEN(TRIM(E19))=0,"",LEN(TRIM(E19))-LEN(SUBSTITUTE(TRIM(E19)," ",""))+1) | G19: 18 | H19: Giữ nguyên | L19: =IF(LEN(TRIM(K19))=0,"",LEN(TRIM(K19))-LEN(SUBSTITUTE(TRIM(K19)," ",""))+1)
A20: T-3-b | B20: Đang tải | C20: Dòng chờ #3 (xoay vòng khi tải) | D20: Cà khịa | E20: Lá đang lục lại hồ sơ drama của bạn… | F20: =IF(LEN(TRIM(E20))=0,"",LEN(TRIM(E20))-LEN(SUBSTITUTE(TRIM(E20)," ",""))+1) | G20: 18 | H20: Giữ nguyên | L20: =IF(LEN(TRIM(K20))=0,"",LEN(TRIM(K20))-LEN(SUBSTITUTE(TRIM(K20)," ",""))+1)
A21: M-Rực-a | B21: Phản hồi mood | C21: Sau khi chọn mood “Rực” | D21: Thẳng | E21: Bạn đang nhiều năng lượng. Nhớ để dành một chút cho mình. | F21: =IF(LEN(TRIM(E21))=0,"",LEN(TRIM(E21))-LEN(SUBSTITUTE(TRIM(E21)," ",""))+1) | G21: 18 | H21: Giữ nguyên | L21: =IF(LEN(TRIM(K21))=0,"",LEN(TRIM(K21))-LEN(SUBSTITUTE(TRIM(K21)," ",""))+1)
A22: M-Rực-b | B22: Phản hồi mood | C22: Sau khi chọn mood “Rực” | D22: Cà khịa | E22: Năng lượng max ghê. Nhớ chừa pin cho tối nay, đừng đốt hết lúc 10 giờ sáng. | F22: =IF(LEN(TRIM(E22))=0,"",LEN(TRIM(E22))-LEN(SUBSTITUTE(TRIM(E22)," ",""))+1) | G22: 18 | H22: Giữ nguyên | L22: =IF(LEN(TRIM(K22))=0,"",LEN(TRIM(K22))-LEN(SUBSTITUTE(TRIM(K22)," ",""))+1)
A23: M-Chill-a | B23: Phản hồi mood | C23: Sau khi chọn mood “Chill” | D23: Thẳng | E23: Nhịp này đẹp đấy. Không cần đẩy mọi thứ đi nhanh hơn. | F23: =IF(LEN(TRIM(E23))=0,"",LEN(TRIM(E23))-LEN(SUBSTITUTE(TRIM(E23)," ",""))+1) | G23: 18 | H23: Giữ nguyên | L23: =IF(LEN(TRIM(K23))=0,"",LEN(TRIM(K23))-LEN(SUBSTITUTE(TRIM(K23)," ",""))+1)
A24: M-Chill-b | B24: Phản hồi mood | C24: Sau khi chọn mood “Chill” | D24: Cà khịa | E24: Chill quá ha. Giữ nhịp này, đừng để group chat kéo bạn vào drama. | F24: =IF(LEN(TRIM(E24))=0,"",LEN(TRIM(E24))-LEN(SUBSTITUTE(TRIM(E24)," ",""))+1) | G24: 18 | H24: Giữ nguyên | L24: =IF(LEN(TRIM(K24))=0,"",LEN(TRIM(K24))-LEN(SUBSTITUTE(TRIM(K24)," ",""))+1)
A25: M-Đuối-a | B25: Phản hồi mood | C25: Sau khi chọn mood “Đuối” | D25: Thẳng | E25: Hôm nay bớt một việc cũng là chăm mình. | F25: =IF(LEN(TRIM(E25))=0,"",LEN(TRIM(E25))-LEN(SUBSTITUTE(TRIM(E25)," ",""))+1) | G25: 18 | H25: Giữ nguyên | L25: =IF(LEN(TRIM(K25))=0,"",LEN(TRIM(K25))-LEN(SUBSTITUTE(TRIM(K25)," ",""))+1)
A26: M-Đuối-b | B26: Phản hồi mood | C26: Sau khi chọn mood “Đuối” | D26: Cà khịa | E26: Pin 3% mà còn gồng. Bớt một việc đi, thế giới không sập đâu. | F26: =IF(LEN(TRIM(E26))=0,"",LEN(TRIM(E26))-LEN(SUBSTITUTE(TRIM(E26)," ",""))+1) | G26: 18 | H26: Giữ nguyên | L26: =IF(LEN(TRIM(K26))=0,"",LEN(TRIM(K26))-LEN(SUBSTITUTE(TRIM(K26)," ",""))+1)
A27: M-Căng-a | B27: Phản hồi mood | C27: Sau khi chọn mood “Căng” | D27: Thẳng | E27: Thở chậm một nhịp trước khi trả lời điều quan trọng. | F27: =IF(LEN(TRIM(E27))=0,"",LEN(TRIM(E27))-LEN(SUBSTITUTE(TRIM(E27)," ",""))+1) | G27: 18 | H27: Giữ nguyên | L27: =IF(LEN(TRIM(K27))=0,"",LEN(TRIM(K27))-LEN(SUBSTITUTE(TRIM(K27)," ",""))+1)
A28: M-Căng-b | B28: Phản hồi mood | C28: Sau khi chọn mood “Căng” | D28: Cà khịa | E28: Vai đang gồng tới tai rồi kìa. Thở ra một hơi rồi hẵng rep tin nhắn. | F28: =IF(LEN(TRIM(E28))=0,"",LEN(TRIM(E28))-LEN(SUBSTITUTE(TRIM(E28)," ",""))+1) | G28: 18 | H28: Giữ nguyên | L28: =IF(LEN(TRIM(K28))=0,"",LEN(TRIM(K28))-LEN(SUBSTITUTE(TRIM(K28)," ",""))+1)
A29: M-Lạc trôi-a | B29: Phản hồi mood | C29: Sau khi chọn mood “Lạc trôi” | D29: Thẳng | E29: Chưa cần hiểu hết. Chỉ cần tìm một điểm để quay về. | F29: =IF(LEN(TRIM(E29))=0,"",LEN(TRIM(E29))-LEN(SUBSTITUTE(TRIM(E29)," ",""))+1) | G29: 18 | H29: Giữ nguyên | L29: =IF(LEN(TRIM(K29))=0,"",LEN(TRIM(K29))-LEN(SUBSTITUTE(TRIM(K29)," ",""))+1)
A30: M-Lạc trôi-b | B30: Phản hồi mood | C30: Sau khi chọn mood “Lạc trôi” | D30: Cà khịa | E30: Đang trôi giữa vũ trụ hả? Neo lại một việc nhỏ trước đã. | F30: =IF(LEN(TRIM(E30))=0,"",LEN(TRIM(E30))-LEN(SUBSTITUTE(TRIM(E30)," ",""))+1) | G30: 18 | H30: Giữ nguyên | L30: =IF(LEN(TRIM(K30))=0,"",LEN(TRIM(K30))-LEN(SUBSTITUTE(TRIM(K30)," ",""))+1)
A31: M-nudge | B31: Nhắc chọn mood | C31: Khi chưa chọn mood hôm nay | D31: Cả hai | E31: Hôm nay bạn đang ở mood nào? Chạm để kể Lá nghe. | F31: =IF(LEN(TRIM(E31))=0,"",LEN(TRIM(E31))-LEN(SUBSTITUTE(TRIM(E31)," ",""))+1) | G31: 18 | H31: Giữ nguyên | L31: =IF(LEN(TRIM(K31))=0,"",LEN(TRIM(K31))-LEN(SUBSTITUTE(TRIM(K31)," ",""))+1)

Sheet Chữ mới trên UI
A1: Chữ mới hoặc đổi trong giao diện “Tím đêm dịu”
A2: Chỉ liệt kê chữ mới/đổi so với bản đang chạy (release a6e11bf). Chữ giữ nguyên không có trong bảng. Nhãn trợ năng không hiện trên màn hình nhưng được trình đọc màn hình đọc to.
A4: Mã | B4: Màn hình | C4: Vị trí / khi nào hiện | D4: Chữ mới | E4: Số từ | F4: Trạng thái | G4: Chữ cũ (nếu Sửa) | H4: Quyết định | I4: Chữ đề xuất (nếu Sửa) | J4: Số từ đề xuất | K4: Ghi chú
A5: U01 | B5: Trang offline | C5: Mô tả trang offline | D5: Kết nối lại mạng để Lá Lành mở note mới và đồng bộ những gì cần lưu nhé. | E5: =IF(LEN(TRIM(D5))=0,"",LEN(TRIM(D5))-LEN(SUBSTITUTE(TRIM(D5)," ",""))+1) | F5: Sửa | G5: App shell vẫn ở đây. Kết nối lại mạng để Lá Lành mở note mới và đồng bộ những gì cần lưu nhé. | J5: =IF(LEN(TRIM(I5))=0,"",LEN(TRIM(I5))-LEN(SUBSTITUTE(TRIM(I5)," ",""))+1)
A6: U02 | B6: Trang offline | C6: Nút thử lại | D6: Thử kết nối lại | E6: =IF(LEN(TRIM(D6))=0,"",LEN(TRIM(D6))-LEN(SUBSTITUTE(TRIM(D6)," ",""))+1) | F6: Mới | J6: =IF(LEN(TRIM(I6))=0,"",LEN(TRIM(I6))-LEN(SUBSTITUTE(TRIM(I6)," ",""))+1)
A7: U03 | B7: Bổ sung giờ sinh | C7: Tiêu đề thanh trên cùng ở bước giới thiệu | D7: Mở thêm lớp | E7: =IF(LEN(TRIM(D7))=0,"",LEN(TRIM(D7))-LEN(SUBSTITUTE(TRIM(D7)," ",""))+1) | F7: Mới | J7: =IF(LEN(TRIM(I7))=0,"",LEN(TRIM(I7))-LEN(SUBSTITUTE(TRIM(I7)," ",""))+1)
A8: U04 | B8: Đồng ý | C8: Tiêu đề phần chi tiết dạng gập/mở | D8: Chi tiết thêm | E8: =IF(LEN(TRIM(D8))=0,"",LEN(TRIM(D8))-LEN(SUBSTITUTE(TRIM(D8)," ",""))+1) | F8: Mới | J8: =IF(LEN(TRIM(I8))=0,"",LEN(TRIM(I8))-LEN(SUBSTITUTE(TRIM(I8)," ",""))+1)
A9: U05 | B9: Home | C9: Link cuối thẻ hôm nay, mở trang note đầy đủ | D9: Đọc đầy đủ | E9: =IF(LEN(TRIM(D9))=0,"",LEN(TRIM(D9))-LEN(SUBSTITUTE(TRIM(D9)," ",""))+1) | F9: Sửa | G9: Đọc thêm | J9: =IF(LEN(TRIM(I9))=0,"",LEN(TRIM(I9))-LEN(SUBSTITUTE(TRIM(I9)," ",""))+1)
A10: U06 | B10: Home | C10: Nút hoãn lời nhắc bổ sung giờ sinh (dùng lại khoá hoãn cũ) | D10: Để 3 ngày sau | E10: =IF(LEN(TRIM(D10))=0,"",LEN(TRIM(D10))-LEN(SUBSTITUTE(TRIM(D10)," ",""))+1) | F10: Mới | J10: =IF(LEN(TRIM(I10))=0,"",LEN(TRIM(I10))-LEN(SUBSTITUTE(TRIM(I10)," ",""))+1)
A11: U07 | B11: Home | C11: Nhãn nút chọn mood khi chưa chọn | D11: Chọn mood | E11: =IF(LEN(TRIM(D11))=0,"",LEN(TRIM(D11))-LEN(SUBSTITUTE(TRIM(D11)," ",""))+1) | F11: Sửa | G11: Mood hôm nay? | J11: =IF(LEN(TRIM(I11))=0,"",LEN(TRIM(I11))-LEN(SUBSTITUTE(TRIM(I11)," ",""))+1)
A12: U08 | B12: Home | C12: Tiêu đề nhỏ của bong bóng nhắc (quà, giờ sinh, tổng kết tuần, tối) | D12: Lá nhắc | E12: =IF(LEN(TRIM(D12))=0,"",LEN(TRIM(D12))-LEN(SUBSTITUTE(TRIM(D12)," ",""))+1) | F12: Mới | J12: =IF(LEN(TRIM(I12))=0,"",LEN(TRIM(I12))-LEN(SUBSTITUTE(TRIM(I12)," ",""))+1)
A13: U09 | B13: Home | C13: Nhãn trợ năng (đọc màn hình) của nút X ẩn bong bóng Lá | D13: Ẩn câu của Lá | E13: =IF(LEN(TRIM(D13))=0,"",LEN(TRIM(D13))-LEN(SUBSTITUTE(TRIM(D13)," ",""))+1) | F13: Mới | J13: =IF(LEN(TRIM(I13))=0,"",LEN(TRIM(I13))-LEN(SUBSTITUTE(TRIM(I13)," ",""))+1)
A14: U10 | B14: Home | C14: Nhãn trợ năng khi thẻ đang tải (skeleton) | D14: Đang mở tín hiệu hôm nay | E14: =IF(LEN(TRIM(D14))=0,"",LEN(TRIM(D14))-LEN(SUBSTITUTE(TRIM(D14)," ",""))+1) | F14: Mới | J14: =IF(LEN(TRIM(I14))=0,"",LEN(TRIM(I14))-LEN(SUBSTITUTE(TRIM(I14)," ",""))+1)
A15: U11 | B15: Home | C15: Bong bóng Lá khi không tải được thẻ hôm nay | D15: Trong lúc chờ, bạn vẫn rút Tarot được. | E15: =IF(LEN(TRIM(D15))=0,"",LEN(TRIM(D15))-LEN(SUBSTITUTE(TRIM(D15)," ",""))+1) | F15: Mới | J15: =IF(LEN(TRIM(I15))=0,"",LEN(TRIM(I15))-LEN(SUBSTITUTE(TRIM(I15)," ",""))+1)
A16: U12 | B16: Hồ sơ | C16: Mô tả lựa chọn giao diện sáng | D16: Nền sáng, chữ tím đậm | E16: =IF(LEN(TRIM(D16))=0,"",LEN(TRIM(D16))-LEN(SUBSTITUTE(TRIM(D16)," ",""))+1) | F16: Sửa | G16: Nền kem, chữ tím đậm | J16: =IF(LEN(TRIM(I16))=0,"",LEN(TRIM(I16))-LEN(SUBSTITUTE(TRIM(I16)," ",""))+1)
A17: U13 | B17: Radar | C17: Tiêu đề hộp xoá (tên người kia lấy từ lời mời; không có thì là “người này”) | D17: Xoá lần Radar với [tên]? | E17: =IF(LEN(TRIM(D17))=0,"",LEN(TRIM(D17))-LEN(SUBSTITUTE(TRIM(D17)," ",""))+1) | F17: Sửa | G17: Xoá lần Radar này? Kết quả của cả hai và link sẽ không còn mở được. | J17: =IF(LEN(TRIM(I17))=0,"",LEN(TRIM(I17))-LEN(SUBSTITUTE(TRIM(I17)," ",""))+1)
A18: U14 | B18: Radar | C18: Nội dung hộp xoá | D18: Kết quả của cả hai và link sẽ không còn mở được. Việc này không hoàn tác được. | E18: =IF(LEN(TRIM(D18))=0,"",LEN(TRIM(D18))-LEN(SUBSTITUTE(TRIM(D18)," ",""))+1) | F18: Sửa | G18: Xoá lần Radar này? Kết quả của cả hai và link sẽ không còn mở được. | J18: =IF(LEN(TRIM(I18))=0,"",LEN(TRIM(I18))-LEN(SUBSTITUTE(TRIM(I18)," ",""))+1)
A19: U15 | B19: Radar | C19: Nút xác nhận trong hộp xoá (thay hộp xác nhận của trình duyệt) | D19: Xoá | E19: =IF(LEN(TRIM(D19))=0,"",LEN(TRIM(D19))-LEN(SUBSTITUTE(TRIM(D19)," ",""))+1) | F19: Mới | J19: =IF(LEN(TRIM(I19))=0,"",LEN(TRIM(I19))-LEN(SUBSTITUTE(TRIM(I19)," ",""))+1)
A20: U16 | B20: Mọi trang đọc | C20: Nhãn đầu khối lưu ý/miễn trừ | D20: Lưu ý. | E20: =IF(LEN(TRIM(D20))=0,"",LEN(TRIM(D20))-LEN(SUBSTITUTE(TRIM(D20)," ",""))+1) | F20: Mới | J20: =IF(LEN(TRIM(I20))=0,"",LEN(TRIM(I20))-LEN(SUBSTITUTE(TRIM(I20)," ",""))+1)
A21: U17 | B21: Mọi màn tải | C21: Dòng trấn an hiện thêm sau 8 giây chờ | D21: Vẫn đang mở, bạn chờ thêm chút nhé. | E21: =IF(LEN(TRIM(D21))=0,"",LEN(TRIM(D21))-LEN(SUBSTITUTE(TRIM(D21)," ",""))+1) | F21: Mới | J21: =IF(LEN(TRIM(I21))=0,"",LEN(TRIM(I21))-LEN(SUBSTITUTE(TRIM(I21)," ",""))+1)
